{
  "model_name": "RandomForest",
  "target": "LapDelta",
  "features": [
    "TyreLife",
    "Speed_mean",
    "RPM_mean",
    "Brake_mean",
    "Speed_max",
    "LapNumber",
    "Stint",
    "CompoundCode",
    "DRS_max",
    "FuelProxy",
    "DriverDelta",
    "AirTemp_Avg",
    "TrackTemp_Avg",
    "Humidity_Avg",
    "WindSpeed_Avg",
    "Rainfall_Max"
  ],
  "feature_medians": {
    "TyreLife": 14.0,
    "Speed_mean": 201.6937966480868,
    "RPM_mean": 10132.739972844294,
    "Brake_mean": 0.1988795518207282,
    "Speed_max": 308.0,
    "LapNumber": 31.0,
    "Stint": 2.0,
    "CompoundCode": 1.0,
    "DRS_max": 0.0,
    "FuelProxy": 30.0,
    "DriverDelta": 0.0,
    "AirTemp_Avg": 23.62,
    "TrackTemp_Avg": 35.52,
    "Humidity_Avg": 54.11,
    "WindSpeed_Avg": 1.54,
    "Rainfall_Max": 0.0
  },
  "metrics": {
    "mae": 1.0201567117761738,
    "rmse": 1.7175962395801805
  },
  "benchmark": {
    "LightGBM": {
      "mae": 1.5550136149686176,
      "rmse": 2.0268762336954724
    },
    "XGBoost": {
      "mae": 1.5323357052566835,
      "rmse": 2.038794960987315
    },
    "RandomForest": {
      "mae": 1.0201567117761738,
      "rmse": 1.7175962395801805
    }
  },
  "holdout_year": 2025,
  "trained_at": "2026-06-19T00:18:17.094700+00:00",
  "train_rows": 123763,
  "test_rows": 17889
}